"mtry","ntree","cv_RMSE"
9,400,56.2199854213677
9,600,56.4090703217416
9,200,56.4343867441274
18,400,56.6030395414618
18,600,56.6482116167073
26,400,56.7139838314841
18,200,56.7518143373696
26,600,57.0113690188194
26,200,57.2237949671128
34,600,57.8395484538197
34,400,57.9940502919752
34,200,58.1968948303209
1,600,73.9803332695598
1,400,74.1063671313641
1,200,74.5100646129263
