K,silhouette,inertia,calinski_harabasz
4,0.2812357281048987,146160.41403259826,476.4282554487862
6,0.186275168165683,123368.76297730966,538.9896158871994
8,0.19099352026162958,115146.9071121894,467.64743581735416
10,0.19444069227809238,109583.502562618,412.6302034433667
12,0.18677283822453924,95172.89379752937,463.1743873158213
14,0.20223810369702921,86645.16654430253,471.3441302161037
16,0.20294000720927735,80528.91663005072,466.7796142046864
18,0.18947516965128147,75130.81098208686,464.1717686320927
20,0.22270526292914752,69473.11210496971,472.15827027502945
